,dataset,dropout,kmeans_ari_0,kmeans_nmi_0,layers,leiden_ari_0,leiden_nmi_0,lr,run,temperature
0,data_0c8,0.8,0.8656012720437389,0.8442465554609332,[50],0.7322101902973438,0.7242727087375723,1e-05,0.0,0.07
1,data_0c8,0.8,0.8770073085303166,0.8568345847699047,[50],0.7598038457417106,0.746336599148664,1e-05,1.0,0.07
2,data_0c8,0.8,0.898526488824915,0.8787676110607642,"[100, 30]",0.8528177050435456,0.8327984630789735,1e-05,0.0,0.07
3,data_0c8,0.8,0.8934398209634754,0.8731864347966386,"[100, 30]",0.868167704041626,0.8464443766448896,1e-05,1.0,0.07
4,data_0c8,0.8,0.8727731202962062,0.8512984108196705,[100],0.7388919210702681,0.7279375674219121,1e-05,0.0,0.07
5,data_0c8,0.8,0.8799253873465902,0.8573232388581772,[100],0.7535960836882107,0.7387374632330576,1e-05,1.0,0.07
6,data_0c8,0.5,0.8283146677453435,0.8088613054964698,[50],0.5499643075782541,0.5488014151928667,1e-05,0.0,0.07
7,data_0c8,0.5,0.8490545216188052,0.8282899056581965,[50],0.5744603702506038,0.5697309162446436,1e-05,1.0,0.07
8,data_0c8,0.5,0.8674788413866221,0.8477256517746069,"[100, 30]",0.7031655379674301,0.6842573394595735,1e-05,0.0,0.07
9,data_0c8,0.5,0.8587360871952217,0.8385434697102606,"[100, 30]",0.6616817787918269,0.6495405463477597,1e-05,1.0,0.07
10,data_0c8,0.5,0.8446214666687947,0.8249558214782959,[100],0.4913744013159408,0.4898180525378691,1e-05,0.0,0.07
11,data_0c8,0.5,0.8490563766150101,0.8274320563217311,[100],0.4913351406615941,0.4884495183231236,1e-05,1.0,0.07
12,data_1c4,0.8,0.7796162760707701,0.7176211600430212,[50],0.3465918487881021,0.3607239980894648,1e-05,0.0,0.07
13,data_1c4,0.8,0.7846249073689968,0.7281110445218495,[50],0.3443767418987178,0.3593553885644684,1e-05,1.0,0.07
14,data_1c4,0.8,0.8176986242737969,0.7642274398766082,"[100, 30]",0.7668330793570771,0.7101092931494412,1e-05,0.0,0.07
15,data_1c4,0.8,0.8397637110276809,0.7875217675354933,"[100, 30]",0.7308739386281778,0.6735902162213407,1e-05,1.0,0.07
16,data_1c4,0.8,0.7769263272799978,0.7143497370412482,[100],0.257092197670836,0.3040810567296733,1e-05,0.0,0.07
17,data_1c4,0.8,0.7984951992808013,0.7400931203980176,[100],0.2891295888962486,0.2782659707234841,1e-05,1.0,0.07
18,data_1c4,0.5,0.7411465173402247,0.679208216510085,[50],0.0453366251285826,0.09757540896292348,1e-05,0.0,0.07
19,data_1c4,0.5,0.7303418939087302,0.6702862093709526,[50],0.05266942975183138,0.12039209296606855,1e-05,1.0,0.07
20,data_1c4,0.5,0.7363367476746241,0.6783713001720518,"[100, 30]",0.12992142841396995,0.20824492680020976,1e-05,0.0,0.07
21,data_1c4,0.5,0.7274170464334907,0.6686562579206801,"[100, 30]",0.1248112255417744,0.1843827873559128,1e-05,1.0,0.07
22,data_1c4,0.5,0.7558376677995259,0.6928424226530179,[100],0.045662263495375686,0.10144325207253432,1e-05,0.0,0.07
23,data_1c4,0.5,0.7426246694049694,0.6820748396033895,[100],0.07186067847359542,0.13802948802441314,1e-05,1.0,0.07
24,data_0c16,0.8,0.5670532470181168,0.6251716045933242,[50],0.3522549326965068,0.4093478782452944,1e-05,0.0,0.07
25,data_0c16,0.8,0.5286570313756284,0.5979312474026232,[50],0.35744696171572843,0.411184605773118,1e-05,1.0,0.07
26,data_0c16,0.8,0.6531092484156884,0.7034603190214662,"[100, 30]",0.5410186698705995,0.6573063817740945,1e-05,0.0,0.07
27,data_0c16,0.8,0.6309609072766091,0.679260214041072,"[100, 30]",0.5164280206074562,0.6236476208933898,1e-05,1.0,0.07
28,data_0c16,0.8,0.4847450268711037,0.5768996727787492,[100],0.2664681526585894,0.3247691715769286,1e-05,0.0,0.07
29,data_0c16,0.8,0.5065852286154177,0.579078715400831,[100],0.2719844361807986,0.3272847185800213,1e-05,1.0,0.07
30,data_0c16,0.5,0.3363150989935857,0.4093764192463965,[50],0.16384818596267758,0.20124595290624328,1e-05,0.0,0.07
31,data_0c16,0.5,0.3450062231828701,0.4166741078731617,[50],0.14952387560824046,0.18811448087648414,1e-05,1.0,0.07
32,data_0c16,0.5,0.5523776868538182,0.6073648256264005,"[100, 30]",0.4185744446686012,0.4843643076606608,1e-05,0.0,0.07
33,data_0c16,0.5,0.543688302469301,0.601387946845141,"[100, 30]",0.3730579480449798,0.45006318723000704,1e-05,1.0,0.07
34,data_0c16,0.5,0.3102710863846369,0.3926676635817486,[100],0.07233238720835315,0.11613820225224206,1e-05,0.0,0.07
35,data_0c16,0.5,0.330550939439263,0.40799001990205946,[100],0.08084863073275117,0.1278515668184174,1e-05,1.0,0.07
36,data_1.5c16,0.8,0.013561263728577076,0.04403736377984715,[50],0.004924541363277931,0.03081433017381207,1e-05,0.0,0.07
37,data_1.5c16,0.8,0.012816723944161916,0.04331425928101823,[50],0.0034518126013529113,0.025241572827766956,1e-05,1.0,0.07
38,data_1.5c16,0.8,0.06385340348755876,0.1113002968947011,"[100, 30]",0.058331894987142266,0.09273781771056876,1e-05,0.0,0.07
39,data_1.5c16,0.8,0.04203717374101905,0.0962513378849724,"[100, 30]",0.039782896917433606,0.07142827602453078,1e-05,1.0,0.07
40,data_1.5c16,0.8,0.00894910096585877,0.033399269311226484,[100],0.002333158673752834,0.020327080193769373,1e-05,0.0,0.07
41,data_1.5c16,0.8,0.013133537424365387,0.04118527071286279,[100],0.002251847270991356,0.02204864025240121,1e-05,1.0,0.07
42,data_1.5c16,0.5,0.013404526439643887,0.042533678178559166,[50],0.0036957076838095076,0.0295980415004662,1e-05,0.0,0.07
43,data_1.5c16,0.5,0.014215217411579691,0.04252143756743807,[50],0.0036440044063717663,0.028617162024814964,1e-05,1.0,0.07
44,data_1.5c16,0.5,0.019767177520073818,0.05059964944769257,"[100, 30]",0.011883509947737562,0.04170698215327855,1e-05,0.0,0.07
45,data_1.5c16,0.5,0.04746663488410604,0.086996008649298,"[100, 30]",0.03969154286889148,0.06660957869352488,1e-05,1.0,0.07
46,data_1.5c16,0.5,0.013242861428004094,0.04123552776434823,[100],0.0026668263170998552,0.02596888938910041,1e-05,0.0,0.07
47,data_1.5c16,0.5,0.010972535760907207,0.03794201162685964,[100],0.003349875711425164,0.02856907578633652,1e-05,1.0,0.07
48,data_0c4,0.8,0.9580396592181498,0.9328317001108808,[50],0.8962265632336498,0.8552395096197792,1e-05,0.0,0.07
49,data_0c4,0.8,0.95057737696157,0.9238115871643856,[50],0.8795728872351748,0.833225315871257,1e-05,1.0,0.07
50,data_0c4,0.8,0.9455892730416938,0.9142402296424248,"[100, 30]",0.9232496941108168,0.8867225999248394,1e-05,0.0,0.07
51,data_0c4,0.8,0.9482345949106518,0.9175930811887542,"[100, 30]",0.9049245428623808,0.8601707961887753,1e-05,1.0,0.07
52,data_0c4,0.8,0.955681437134716,0.929205425362669,[100],0.8663573420885051,0.8196529406417035,1e-05,0.0,0.07
53,data_0c4,0.8,0.9551381835791274,0.932021074242924,[100],0.8707026097770098,0.8185752482478249,1e-05,1.0,0.07
54,data_0c4,0.5,0.9277645543794656,0.8948878285550308,[50],0.4846967119847503,0.4776880620859815,1e-05,0.0,0.07
55,data_0c4,0.5,0.9255400279705159,0.8954165259423372,[50],0.5352262307041975,0.4976449308427016,1e-05,1.0,0.07
56,data_0c4,0.5,0.92188756966462,0.8915205304421004,"[100, 30]",0.4717012065414104,0.4644991471292618,1e-05,0.0,0.07
57,data_0c4,0.5,0.932417923173559,0.90047046308432,"[100, 30]",0.4769852540734468,0.4695203744448181,1e-05,1.0,0.07
58,data_0c4,0.5,0.9377750057854106,0.9067944242833764,[100],0.532985942727819,0.5199613172526948,1e-05,0.0,0.07
59,data_0c4,0.5,0.9375683892151968,0.9063514009810052,[100],0.5323988228495127,0.5039640959555355,1e-05,1.0,0.07
60,data_1.5c4,0.8,0.3912594848539364,0.3703481003912091,[50],0.07388726541946375,0.13291233849156428,1e-05,0.0,0.07
61,data_1.5c4,0.8,0.3534897175171963,0.3517717876611745,[50],0.08192894264672074,0.1295304691241887,1e-05,1.0,0.07
62,data_1.5c4,0.8,0.7052155761058171,0.6436557033700993,"[100, 30]",0.3251429981311416,0.3705206097589605,1e-05,0.0,0.07
63,data_1.5c4,0.8,0.7017692751953934,0.6468204968003377,"[100, 30]",0.31305966838247457,0.3374976761190237,1e-05,1.0,0.07
64,data_1.5c4,0.8,0.3062084199909195,0.3050877381058356,[100],0.0942365604352482,0.1201363055547602,1e-05,0.0,0.07
65,data_1.5c4,0.8,0.34233681245455344,0.3437517771854041,[100],0.07605408134691201,0.12458948522011876,1e-05,1.0,0.07
66,data_1.5c4,0.5,0.31761978260274804,0.3159403919929951,[50],0.02077271467687667,0.05553959595482373,1e-05,0.0,0.07
67,data_1.5c4,0.5,0.28680161235493723,0.2760823925763821,[50],0.02959292923374605,0.07632198880251218,1e-05,1.0,0.07
68,data_1.5c4,0.5,0.2969928501672053,0.2834407027251365,"[100, 30]",0.03377499614115953,0.06945003249092166,1e-05,0.0,0.07
69,data_1.5c4,0.5,0.2901137545594105,0.27178462849144464,"[100, 30]",0.030800154248883167,0.07870439073875278,1e-05,1.0,0.07
70,data_1.5c4,0.5,0.28332957856619256,0.28237863294557697,[100],0.03818625833163723,0.07707060958628972,1e-05,0.0,0.07
71,data_1.5c4,0.5,0.2962537924533274,0.2935110627224198,[100],0.016995633442774927,0.05242588763736293,1e-05,1.0,0.07
72,data_1.5c8,0.8,0.1500041222257501,0.19386248764402925,[50],0.054091233845187686,0.08172576498734355,1e-05,0.0,0.07
73,data_1.5c8,0.8,0.15640349459500674,0.20945081297142404,[50],0.04578583501258785,0.08670716143664171,1e-05,1.0,0.07
74,data_1.5c8,0.8,0.3153842992500709,0.3664361431777683,"[100, 30]",0.27115345643421346,0.28889483050003484,1e-05,0.0,0.07
75,data_1.5c8,0.8,0.3042805607662178,0.3347676602685218,"[100, 30]",0.2162502607153171,0.22899160752064934,1e-05,1.0,0.07
76,data_1.5c8,0.8,0.11540519937499533,0.1559070948416918,[100],0.0261061853428845,0.06679930667388867,1e-05,0.0,0.07
77,data_1.5c8,0.8,0.1376369498708825,0.18181360910240124,[100],0.028201267208263638,0.0628323439531141,1e-05,1.0,0.07
78,data_1.5c8,0.5,0.07002375066009434,0.10369102307800657,[50],0.015542410951758569,0.05285960436462255,1e-05,0.0,0.07
79,data_1.5c8,0.5,0.09331499037179374,0.1317968939250488,[50],0.016493559888744687,0.05207770127948659,1e-05,1.0,0.07
80,data_1.5c8,0.5,0.11682696510157473,0.15783914753257072,"[100, 30]",0.03684371042403976,0.07950885167644736,1e-05,0.0,0.07
81,data_1.5c8,0.5,0.1502977528490851,0.18558510967527844,"[100, 30]",0.059425218946549674,0.10312872697116104,1e-05,1.0,0.07
82,data_1.5c8,0.5,0.08579600953138009,0.12053575864040005,[100],0.009111152452103841,0.03736713576772314,1e-05,0.0,0.07
83,data_1.5c8,0.5,0.08994213435734541,0.12475658518029367,[100],0.01157702508537794,0.03828098648666736,1e-05,1.0,0.07
84,data_-1c16,0.8,0.8367283787174606,0.8464881301715254,[50],0.6160215867769155,0.6833365275000673,1e-05,0.0,0.07
85,data_-1c16,0.8,0.8385744035403561,0.8473854360601636,[50],0.5657914333904916,0.6662530805073232,1e-05,1.0,0.07
86,data_-1c16,0.8,0.8571603132760627,0.8690105509038989,"[100, 30]",0.7872560023980505,0.8368457431990931,1e-05,0.0,0.07
87,data_-1c16,0.8,0.8702732006499174,0.8781353935244971,"[100, 30]",0.785124411061054,0.8300891078831277,1e-05,1.0,0.07
88,data_-1c16,0.8,0.8763799201815428,0.8797529830963405,[100],0.5721996307093008,0.6437886869724905,1e-05,0.0,0.07
89,data_-1c16,0.8,0.8649404664379394,0.8691067816364737,[100],0.5434580887638617,0.6270202016912341,1e-05,1.0,0.07
90,data_-1c16,0.5,0.7586683558930817,0.7759015858040812,[50],0.4426732992406094,0.5171436725068217,1e-05,0.0,0.07
91,data_-1c16,0.5,0.7614644450811212,0.7770386287311619,[50],0.4539775317044884,0.5273287928999338,1e-05,1.0,0.07
92,data_-1c16,0.5,0.7587690415487999,0.7764171244280453,"[100, 30]",0.5731958730312067,0.6377583594820266,1e-05,0.0,0.07
93,data_-1c16,0.5,0.7833682150152419,0.7962329588188501,"[100, 30]",0.6153096854346138,0.6864416005632541,1e-05,1.0,0.07
94,data_-1c16,0.5,0.7921510285774969,0.8058481725461099,[100],0.37125885090578975,0.4434159171362807,1e-05,0.0,0.07
95,data_-1c16,0.5,0.7347643867116347,0.7728637213926509,[100],0.3879025809123655,0.4575407692620584,1e-05,1.0,0.07
96,data_1c16,0.8,0.053606379361313634,0.10540116856794303,[50],0.015045662179925137,0.04383830113314994,1e-05,0.0,0.07
97,data_1c16,0.8,0.05735179115269207,0.10878542564931493,[50],0.01753467393742525,0.04520922556166526,1e-05,1.0,0.07
98,data_1c16,0.8,0.22966983374575675,0.3049830001931644,"[100, 30]",0.191029190170754,0.2496838848939039,1e-05,0.0,0.07
99,data_1c16,0.8,0.24273976495351526,0.3361695230195961,"[100, 30]",0.16248591046625852,0.2186450951266918,1e-05,1.0,0.07
100,data_1c16,0.8,0.02288095596952107,0.06332241835427026,[100],0.004361057716457718,0.028651006899394586,1e-05,0.0,0.07
101,data_1c16,0.8,0.03860071677116459,0.08175737651464847,[100],0.0031876265715853557,0.023442374502115382,1e-05,1.0,0.07
102,data_1c16,0.5,0.018339071068315182,0.057332177328390625,[50],0.006751197566310385,0.034788360641974235,1e-05,0.0,0.07
103,data_1c16,0.5,0.02325018052069671,0.061473402964279965,[50],0.006328679585580165,0.03428429619950174,1e-05,1.0,0.07
104,data_1c16,0.5,0.10445996195193437,0.16255617944865305,"[100, 30]",0.04565946836187695,0.0907707137301601,1e-05,0.0,0.07
105,data_1c16,0.5,0.11877045469910333,0.1912258002569186,"[100, 30]",0.06971321504531386,0.11875923439278152,1e-05,1.0,0.07
106,data_1c16,0.5,0.02060651512647485,0.05556582981930848,[100],0.002576947790337261,0.027201582352262648,1e-05,0.0,0.07
107,data_1c16,0.5,0.025706433958161117,0.06778096002728012,[100],0.002915095039737073,0.026401834477788787,1e-05,1.0,0.07
108,data_1c8,0.8,0.4418594685701518,0.4763174698617313,[50],0.23747262602211966,0.25727858387151725,1e-05,0.0,0.07
109,data_1c8,0.8,0.43329915709300987,0.4650229936825893,[50],0.2535243380703277,0.25907600282094817,1e-05,1.0,0.07
110,data_1c8,0.8,0.5842572750241076,0.6024067972418274,"[100, 30]",0.5371326797611435,0.5489234447338993,1e-05,0.0,0.07
111,data_1c8,0.8,0.5690636697043568,0.5795042761548911,"[100, 30]",0.5026281752532308,0.509771449089838,1e-05,1.0,0.07
112,data_1c8,0.8,0.4080301238806557,0.4410651729994116,[100],0.1463722739775462,0.17446434553681414,1e-05,0.0,0.07
113,data_1c8,0.8,0.3718962433224679,0.4117546830770279,[100],0.17221802816621468,0.1861775203927604,1e-05,1.0,0.07
114,data_1c8,0.5,0.33857650568154873,0.3728153716668556,[50],0.06827837543769669,0.11081461950010936,1e-05,0.0,0.07
115,data_1c8,0.5,0.28510286080126784,0.3307776420554105,[50],0.060933776565974776,0.10380557900278928,1e-05,1.0,0.07
116,data_1c8,0.5,0.4347435512685703,0.4692358612771528,"[100, 30]",0.2475322747814608,0.2615603705791976,1e-05,0.0,0.07
117,data_1c8,0.5,0.4724916548677433,0.4996162624083065,"[100, 30]",0.2762438068060104,0.2906110729740035,1e-05,1.0,0.07
118,data_1c8,0.5,0.3184099216314778,0.3535088986940647,[100],0.0505363732486404,0.0731796961007964,1e-05,0.0,0.07
119,data_1c8,0.5,0.2943036329511464,0.3394134309948677,[100],0.04396993617199798,0.0786662808910333,1e-05,1.0,0.07
120,data_-1c8,0.8,0.9569457236128388,0.9446714520177124,[50],0.9331505967849963,0.9194729375016002,1e-05,0.0,0.07
121,data_-1c8,0.8,0.9592901051003506,0.9482368948519982,[50],0.9378531664891298,0.9242397011871424,1e-05,1.0,0.07
122,data_-1c8,0.8,0.9557563514757148,0.9445511713466794,"[100, 30]",0.9491304973601952,0.9378793428170309,1e-05,0.0,0.07
123,data_-1c8,0.8,0.9624353354323756,0.9531362273600532,"[100, 30]",0.9500243558689678,0.9377318899178358,1e-05,1.0,0.07
124,data_-1c8,0.8,0.9603914896362789,0.9490539322367478,[100],0.9226515420660472,0.908766310617214,1e-05,0.0,0.07
125,data_-1c8,0.8,0.958237254148704,0.9471427648229196,[100],0.9266991487444264,0.9118292952552876,1e-05,1.0,0.07
126,data_-1c8,0.5,0.9471110359651944,0.9351494524756973,[50],0.8631199934526416,0.8471736563981427,1e-05,0.0,0.07
127,data_-1c8,0.5,0.9494643537754736,0.9379850128928656,[50],0.8680820086447338,0.8500495724595534,1e-05,1.0,0.07
128,data_-1c8,0.5,0.9546705487464384,0.9444452258016752,"[100, 30]",0.8709297647369357,0.852750751119739,1e-05,0.0,0.07
129,data_-1c8,0.5,0.944995517084952,0.9322364889242368,"[100, 30]",0.8471375408275034,0.8264680131322955,1e-05,1.0,0.07
130,data_-1c8,0.5,0.9560844727880192,0.9439537235107158,[100],0.8718243499988985,0.8518753480457597,1e-05,0.0,0.07
131,data_-1c8,0.5,0.9572665709815472,0.9456094554939176,[100],0.8602664830480259,0.8413180198981189,1e-05,1.0,0.07
132,data_-1c4,0.8,0.9867913438800642,0.9774476035388738,[50],0.971087615352266,0.954214061142318,1e-05,0.0,0.07
133,data_-1c4,0.8,0.9841091671337112,0.9717225484835288,[50],0.97438888578585,0.9589104041825208,1e-05,1.0,0.07
134,data_-1c4,0.8,0.9867913438800642,0.9774476035388738,"[100, 30]",0.9766097273411826,0.9607132932737278,1e-05,0.0,0.07
135,data_-1c4,0.8,0.9841091671337112,0.9717225484835288,"[100, 30]",0.9738023757536044,0.9569429119123676,1e-05,1.0,0.07
136,data_-1c4,0.8,0.9868388565790795,0.9764605004652518,[100],0.958740915865474,0.9380438574310944,1e-05,0.0,0.07
137,data_-1c4,0.8,0.9841091671337112,0.9717225484835288,[100],0.9663648383577274,0.9476831737972828,1e-05,1.0,0.07
138,data_-1c4,0.5,0.9791985211802429,0.964408643664553,[50],0.903800587118685,0.860723189056277,1e-05,0.0,0.07
139,data_-1c4,0.5,0.9869352740603452,0.9764850138805944,[50],0.8966244152674971,0.8542717235102647,1e-05,1.0,0.07
140,data_-1c4,0.5,0.969060816612724,0.948051887862971,"[100, 30]",0.6617792265245264,0.6322196974286627,1e-05,0.0,0.07
141,data_-1c4,0.5,0.9772993057077172,0.9612859569318698,"[100, 30]",0.6999838387432937,0.6267529589432431,1e-05,1.0,0.07
142,data_-1c4,0.5,0.981654029634522,0.9680655560498412,[100],0.8989718363097866,0.8568315060441068,1e-05,0.0,0.07
143,data_-1c4,0.5,0.9842217182450324,0.9727512675115378,[100],0.8820578415765876,0.8318677174869423,1e-05,1.0,0.07
144,data_0c8,0.8,0.8829719055022625,0.863598135424808,"[200, 100, 30]",0.8672335656043444,0.8490204351212938,1e-05,0.0,0.07
145,data_0c8,0.8,0.8936674844545563,0.8748262086689914,"[200, 100, 30]",0.8913767644551059,0.8732313822824734,1e-05,1.0,0.07
146,data_0c8,0.8,0.8883417488882823,0.8675426626743471,"[200, 100, 50, 30]",0.8876887463332237,0.8698206534905825,1e-05,0.0,0.07
147,data_0c8,0.8,0.8819800532976277,0.8623125163572468,"[200, 100, 50, 30]",0.8664002103190719,0.8489603300173656,1e-05,1.0,0.07
148,data_0c8,0.5,0.8732543580214119,0.8586884958145176,"[200, 100, 30]",0.6557218458005276,0.6414911046494207,1e-05,0.0,0.07
149,data_0c8,0.5,0.8828458710333895,0.8673001589880492,"[200, 100, 30]",0.7055116922595636,0.6919118903935408,1e-05,1.0,0.07
150,data_0c8,0.5,0.8384279395265154,0.8231907783912236,"[200, 100, 50, 30]",0.589631052468877,0.5794570831847113,1e-05,0.0,0.07
151,data_0c8,0.5,0.8737912729377091,0.8532810744093623,"[200, 100, 50, 30]",0.7301134515027677,0.7116799340203473,1e-05,1.0,0.07
152,data_1c4,0.8,0.8534400839550405,0.8027225986990041,"[200, 100, 30]",0.8252681913464424,0.7702297390813376,1e-05,0.0,0.07
153,data_1c4,0.8,0.8377626466616535,0.781249436023027,"[200, 100, 30]",0.8098124641392804,0.7518272555120724,1e-05,1.0,0.07
154,data_1c4,0.8,0.8557814745751077,0.7994903036280239,"[200, 100, 50, 30]",0.8501639003551924,0.7939578725178803,1e-05,0.0,0.07
155,data_1c4,0.8,0.8511405920517315,0.7980251599652698,"[200, 100, 50, 30]",0.8252265215100698,0.7675492590501963,1e-05,1.0,0.07
156,data_1c4,0.5,0.7289721171625231,0.6767543736120745,"[200, 100, 30]",0.07572733697004992,0.13531844870973195,1e-05,0.0,0.07
157,data_1c4,0.5,0.7024516989655192,0.6577338066708929,"[200, 100, 30]",0.055311679160860695,0.10754861773909598,1e-05,1.0,0.07
158,data_1c4,0.5,0.755719621131502,0.6970558323598457,"[200, 100, 50, 30]",0.08722051468805811,0.1824780962738115,1e-05,0.0,0.07
159,data_1c4,0.5,0.7575782657221063,0.6987342328142686,"[200, 100, 50, 30]",0.16646593034407034,0.22765041200050326,1e-05,1.0,0.07
160,data_0c16,0.8,0.7243658612678142,0.7464483032684787,"[200, 100, 30]",0.6148172626063364,0.6980280721944365,1e-05,0.0,0.07
161,data_0c16,0.8,0.6908632634147694,0.7355504996381619,"[200, 100, 30]",0.6141019730517135,0.7068397156783321,1e-05,1.0,0.07
162,data_0c16,0.8,0.7134674661441819,0.7463470136342689,"[200, 100, 50, 30]",0.6211458596294976,0.7039468701435223,1e-05,0.0,0.07
163,data_0c16,0.8,0.6722334263321904,0.7168664525129357,"[200, 100, 50, 30]",0.6252522708303005,0.7112384792310903,1e-05,1.0,0.07
164,data_0c16,0.5,0.6172982939323168,0.6545904935868053,"[200, 100, 30]",0.4646462786263019,0.537739624954442,1e-05,0.0,0.07
165,data_0c16,0.5,0.5799515768702732,0.6380164819433518,"[200, 100, 30]",0.4346760797599808,0.5028479327508737,1e-05,1.0,0.07
166,data_0c16,0.5,0.6065863105976131,0.6565743672345871,"[200, 100, 50, 30]",0.4854134453807034,0.5536465848252629,1e-05,0.0,0.07
167,data_0c16,0.5,0.5964508092996852,0.6434749637520425,"[200, 100, 50, 30]",0.4775469882977606,0.5468820164512584,1e-05,1.0,0.07
168,data_1.5c16,0.8,0.09342095711812323,0.14508088711661207,"[200, 100, 30]",0.0840764040129165,0.1242007602635892,1e-05,0.0,0.07
169,data_1.5c16,0.8,0.09972515519866318,0.1581123239477713,"[200, 100, 30]",0.08018676280235279,0.12013551089056793,1e-05,1.0,0.07
170,data_1.5c16,0.8,0.08754244532648052,0.13737094957772195,"[200, 100, 50, 30]",0.07442214493315735,0.10798085171054958,1e-05,0.0,0.07
171,data_1.5c16,0.8,0.07751905353434199,0.1396239168392021,"[200, 100, 50, 30]",0.06733261984332252,0.11106802270484133,1e-05,1.0,0.07
172,data_1.5c16,0.5,0.04612022787512764,0.07870323437933667,"[200, 100, 30]",0.03928948392371502,0.06475784868357877,1e-05,0.0,0.07
173,data_1.5c16,0.5,0.04372553435732407,0.08762910764835695,"[200, 100, 30]",0.02706249591796632,0.057669512107641936,1e-05,1.0,0.07
174,data_1.5c16,0.5,0.04341266075957138,0.08636007353041764,"[200, 100, 50, 30]",0.03759717905772154,0.06795521897722788,1e-05,0.0,0.07
175,data_1.5c16,0.5,0.04132694306104229,0.08186433073519819,"[200, 100, 50, 30]",0.026779654711015302,0.059294337393993035,1e-05,1.0,0.07
176,data_0c4,0.8,0.958283406191782,0.9338606418015892,"[200, 100, 30]",0.9264883116177716,0.8897260815792016,1e-05,0.0,0.07
177,data_0c4,0.8,0.9504622554391692,0.9221691486568604,"[200, 100, 30]",0.936298941122884,0.9017647626642232,1e-05,1.0,0.07
178,data_0c4,0.8,0.9480381788538876,0.9171112686769052,"[200, 100, 50, 30]",0.9504462410218678,0.9203881658010324,1e-05,0.0,0.07
179,data_0c4,0.8,0.9584010134138335,0.9341680925047771,"[200, 100, 50, 30]",0.9506750730166994,0.9252471693350984,1e-05,1.0,0.07
180,data_0c4,0.5,0.9197156759027592,0.8841550238548792,"[200, 100, 30]",0.3097880069867628,0.3705174976405749,1e-05,0.0,0.07
181,data_0c4,0.5,0.9109749459610768,0.8712755305164529,"[200, 100, 30]",0.3497638062714705,0.3715803242432608,1e-05,1.0,0.07
182,data_0c4,0.5,0.9104358008939892,0.8666228049050064,"[200, 100, 50, 30]",0.4513449381768431,0.4719415484053466,1e-05,0.0,0.07
183,data_0c4,0.5,0.9384945101931476,0.9080091068048228,"[200, 100, 50, 30]",0.5158968919187161,0.4973847768530673,1e-05,1.0,0.07
184,data_1.5c4,0.8,0.7428891322889626,0.6836241741949839,"[200, 100, 30]",0.453969344059851,0.4532788437127677,1e-05,0.0,0.07
185,data_1.5c4,0.8,0.7403633206335171,0.6835159549974394,"[200, 100, 30]",0.4603548779681008,0.4707927231312221,1e-05,1.0,0.07
186,data_1.5c4,0.8,0.7759138263392058,0.7177080475500731,"[200, 100, 50, 30]",0.6090347619418972,0.5781083578240842,1e-05,0.0,0.07
187,data_1.5c4,0.8,0.8071289842996969,0.7539997364382456,"[200, 100, 50, 30]",0.6272159604638546,0.6144145459325782,1e-05,1.0,0.07
188,data_1.5c4,0.5,0.2796460529562259,0.27008025985592266,"[200, 100, 30]",0.03440476030779634,0.08218819992389036,1e-05,0.0,0.07
189,data_1.5c4,0.5,0.3267950004376074,0.31581397868306355,"[200, 100, 30]",0.050523168068493184,0.10156623623085477,1e-05,1.0,0.07
190,data_1.5c4,0.5,0.2000612728551156,0.209586418883402,"[200, 100, 50, 30]",0.04539022118644178,0.09311954165733016,1e-05,0.0,0.07
191,data_1.5c4,0.5,0.3317980992986938,0.3166514413654539,"[200, 100, 50, 30]",0.0454675622572327,0.10175145205887592,1e-05,1.0,0.07
192,data_1.5c8,0.8,0.3954534189598237,0.4270556804445412,"[200, 100, 30]",0.35592758441259503,0.3737214897647786,1e-05,0.0,0.07
193,data_1.5c8,0.8,0.43227780273459865,0.4703219458798214,"[200, 100, 30]",0.4294265716909105,0.4405360685808016,1e-05,1.0,0.07
194,data_1.5c8,0.8,0.407143310719525,0.43511317371636143,"[200, 100, 50, 30]",0.3802731550683976,0.3995281037920368,1e-05,0.0,0.07
195,data_1.5c8,0.8,0.4082272293283107,0.4373528143106657,"[200, 100, 50, 30]",0.38476518820092825,0.4070775475832555,1e-05,1.0,0.07
196,data_1.5c8,0.5,0.18716077676171736,0.226762241302427,"[200, 100, 30]",0.05144661829300838,0.10221918384041537,1e-05,0.0,0.07
197,data_1.5c8,0.5,0.15119298209631446,0.1946264841020081,"[200, 100, 30]",0.044449242925328855,0.0889824513150951,1e-05,1.0,0.07
198,data_1.5c8,0.5,0.17899770107189195,0.21602453613908068,"[200, 100, 50, 30]",0.1051016587114723,0.13688779617828914,1e-05,0.0,0.07
199,data_1.5c8,0.5,0.22186270866117253,0.25543931624726873,"[200, 100, 50, 30]",0.13526090806188668,0.16358485825371213,1e-05,1.0,0.07
200,data_-1c16,0.8,0.8733826630019597,0.8790824442694694,"[200, 100, 30]",0.8090059394567527,0.8508391337520689,1e-05,0.0,0.07
201,data_-1c16,0.8,0.8762540968894561,0.8815645909023749,"[200, 100, 30]",0.8091593164791471,0.8509894266043452,1e-05,1.0,0.07
202,data_-1c16,0.8,0.8719681650747018,0.8803430879022307,"[200, 100, 50, 30]",0.8102103973872071,0.855781925073583,1e-05,0.0,0.07
203,data_-1c16,0.8,0.8844233148201094,0.8914639628515201,"[200, 100, 50, 30]",0.8232998404876508,0.8661833635129331,1e-05,1.0,0.07
204,data_-1c16,0.5,0.7984293867889244,0.8152160520435479,"[200, 100, 30]",0.639484277578266,0.7079016580323583,1e-05,0.0,0.07
205,data_-1c16,0.5,0.801432176194091,0.8130030394102743,"[200, 100, 30]",0.6648254263543876,0.7137140989953333,1e-05,1.0,0.07
206,data_-1c16,0.5,0.8036833192942251,0.8156931171274036,"[200, 100, 50, 30]",0.6263225549946443,0.7234973441570158,1e-05,0.0,0.07
207,data_-1c16,0.5,0.7568794556309855,0.7821345779798237,"[200, 100, 50, 30]",0.6224163692038239,0.6888801285990765,1e-05,1.0,0.07
208,data_1c16,0.8,0.2794241867127873,0.36513696555335706,"[200, 100, 30]",0.2679142965119877,0.3300377805516077,1e-05,0.0,0.07
209,data_1c16,0.8,0.3169466679217429,0.399040679887108,"[200, 100, 30]",0.28023863698088514,0.3563630107503141,1e-05,1.0,0.07
210,data_1c16,0.8,0.2956648684754784,0.3782798794039989,"[200, 100, 50, 30]",0.28856827516999234,0.3689398989778042,1e-05,0.0,0.07
211,data_1c16,0.8,0.298598003766198,0.3832033401994221,"[200, 100, 50, 30]",0.27261582334562,0.3427882772554864,1e-05,1.0,0.07
212,data_1c16,0.5,0.2028056880387593,0.2827391638023377,"[200, 100, 30]",0.12523323929814836,0.17011252212566086,1e-05,0.0,0.07
213,data_1c16,0.5,0.1621298552664582,0.22998815586513516,"[200, 100, 30]",0.11994182559092124,0.16277200786906135,1e-05,1.0,0.07
214,data_1c16,0.5,0.14817806085033405,0.220905851972934,"[200, 100, 50, 30]",0.11423632929250517,0.16788734358684182,1e-05,0.0,0.07
215,data_1c16,0.5,0.1869987023605748,0.2545590245233769,"[200, 100, 50, 30]",0.14278089110011585,0.1896148111788468,1e-05,1.0,0.07
216,data_1c8,0.8,0.5884127519533848,0.6034103830799369,"[200, 100, 30]",0.5625617544762482,0.5676995144717515,1e-05,0.0,0.07
217,data_1c8,0.8,0.6602106722214318,0.653579661282672,"[200, 100, 30]",0.5996307831740589,0.6054780127271621,1e-05,1.0,0.07
218,data_1c8,0.8,0.6786776068460348,0.6731631029808469,"[200, 100, 50, 30]",0.6235955657844358,0.623783229581808,1e-05,0.0,0.07
219,data_1c8,0.8,0.7021843053471113,0.690444381951947,"[200, 100, 50, 30]",0.6463818989957454,0.6431435737065934,1e-05,1.0,0.07
220,data_1c8,0.5,0.4652965511876144,0.4961005747414237,"[200, 100, 30]",0.31247268671323664,0.3130251724413381,1e-05,0.0,0.07
221,data_1c8,0.5,0.4655026201519696,0.4986101000887904,"[200, 100, 30]",0.217540463128216,0.2467502692615921,1e-05,1.0,0.07
222,data_1c8,0.5,0.5286626134547033,0.5405421886989076,"[200, 100, 50, 30]",0.273589143679358,0.291999464308309,1e-05,0.0,0.07
223,data_1c8,0.5,0.4901529577015485,0.5081210918449799,"[200, 100, 50, 30]",0.2541458714313136,0.2842109813224755,1e-05,1.0,0.07
224,data_-1c8,0.8,0.9611433227858848,0.950541614844254,"[200, 100, 30]",0.9612669908402348,0.9516922776824316,1e-05,0.0,0.07
225,data_-1c8,0.8,0.9655896067893314,0.957454248479038,"[200, 100, 30]",0.964618453850252,0.9553825445950588,1e-05,1.0,0.07
226,data_-1c8,0.8,0.9580709382105936,0.9474437864480092,"[200, 100, 50, 30]",0.9591985803402044,0.9491369180860288,1e-05,0.0,0.07
227,data_-1c8,0.8,0.9635262874660688,0.9546179223425822,"[200, 100, 50, 30]",0.9580411504526796,0.9481024240039696,1e-05,1.0,0.07
228,data_-1c8,0.5,0.9481239902562272,0.9372883869243483,"[200, 100, 30]",0.8387423509291049,0.8191538094905805,1e-05,0.0,0.07
229,data_-1c8,0.5,0.9576825988629332,0.9472117372172127,"[200, 100, 30]",0.8522495798200059,0.8341610259079366,1e-05,1.0,0.07
230,data_-1c8,0.5,0.9651318804697832,0.9576245395237148,"[200, 100, 50, 30]",0.8601059296958399,0.8423463639767466,1e-05,0.0,0.07
231,data_-1c8,0.5,0.9353545367709976,0.9232962338679832,"[200, 100, 50, 30]",0.8389188142735842,0.8150201921789814,1e-05,1.0,0.07
232,data_-1c4,0.8,0.9893093663314428,0.9811221746922816,"[200, 100, 30]",0.9868060865446092,0.9774530136883276,1e-05,0.0,0.07
233,data_-1c4,0.8,0.9841103451226824,0.9737218828509292,"[200, 100, 30]",0.9789567646093902,0.9653310034777496,1e-05,1.0,0.07
234,data_-1c4,0.8,0.984276265508822,0.972771159674212,"[200, 100, 50, 30]",0.9817194462394988,0.9680882580186292,1e-05,0.0,0.07
235,data_-1c4,0.8,0.986628174356572,0.9763963716379354,"[200, 100, 50, 30]",0.9813743193254316,0.9679777252988948,1e-05,1.0,0.07
236,data_-1c4,0.5,0.9712822336937303,0.9530284431504068,"[200, 100, 30]",0.5536695423160489,0.5408265890917823,1e-05,0.0,0.07
237,data_-1c4,0.5,0.9766672899262312,0.9597327206814356,"[200, 100, 30]",0.4658260600585225,0.5357730402594628,1e-05,1.0,0.07
238,data_-1c4,0.5,0.9592007492908692,0.9341533885875812,"[200, 100, 50, 30]",0.665409155503804,0.6350221184692493,1e-05,0.0,0.07
239,data_-1c4,0.5,0.9668877141099838,0.9474769949219678,"[200, 100, 50, 30]",0.6800432865630083,0.6404325490527292,1e-05,1.0,0.07
240,data_0c8,0.9,0.8522934603850839,0.8311167320068291,"[200, 100, 30]",0.8411680071753709,0.8236455476018117,1e-05,0.0,0.07
241,data_0c8,0.9,0.8537735962730906,0.8315217489349204,"[200, 100, 30]",0.8486707808558122,0.8287136233347381,1e-05,1.0,0.07
242,data_0c8,0.9,0.8447390691580333,0.8234955794667858,"[200, 100, 50, 30]",0.8266566568390995,0.8089852864280099,1e-05,0.0,0.07
243,data_0c8,0.9,0.8545659074317697,0.8329259633248184,"[200, 100, 50, 30]",0.8473132490930999,0.8256917111480547,1e-05,1.0,0.07
244,data_1c4,0.9,0.8222763809753648,0.7634049470494803,"[200, 100, 30]",0.8114333266549814,0.7452389782214371,1e-05,0.0,0.07
245,data_1c4,0.9,0.8175889992208693,0.7586215654193086,"[200, 100, 30]",0.8246748453382443,0.7652382753772358,1e-05,1.0,0.07
246,data_1c4,0.9,0.7931398829304664,0.7311345607180141,"[200, 100, 50, 30]",0.7043312086049912,0.6851411109697437,1e-05,0.0,0.07
247,data_1c4,0.9,0.8078818458377626,0.7470882400166224,"[200, 100, 50, 30]",0.7413011938957964,0.7129035840919161,1e-05,1.0,0.07
248,data_0c16,0.9,0.5677420847636562,0.643899103403997,"[200, 100, 30]",0.5247237084157037,0.6204708315688465,1e-05,0.0,0.07
249,data_0c16,0.9,0.5791636490509039,0.6345087373415439,"[200, 100, 30]",0.5098615436631861,0.6188810847890842,1e-05,1.0,0.07
250,data_0c16,0.9,0.5344965169537811,0.6040530338785957,"[200, 100, 50, 30]",0.4605439341480676,0.5904814270040802,1e-05,0.0,0.07
251,data_0c16,0.9,0.5211900909214283,0.595315148035098,"[200, 100, 50, 30]",0.4932290077250862,0.6042495141432003,1e-05,1.0,0.07
252,data_1.5c16,0.9,0.04487299428472556,0.09477758938263912,"[200, 100, 30]",0.04203716863501632,0.07507637403596765,1e-05,0.0,0.07
253,data_1.5c16,0.9,0.03853762107062235,0.0871697138644234,"[200, 100, 30]",0.040936555977700316,0.07479376426352406,1e-05,1.0,0.07
254,data_1.5c16,0.9,0.03301652562800321,0.0760036828759683,"[200, 100, 50, 30]",0.02428360589728869,0.0566357609378481,1e-05,0.0,0.07
255,data_1.5c16,0.9,0.025892518547366968,0.06956968236464922,"[200, 100, 50, 30]",0.021125237179987374,0.05732753977112245,1e-05,1.0,0.07
256,data_0c4,0.9,0.9475785236337222,0.917225976741676,"[200, 100, 30]",0.9407726070503516,0.9091378195745988,1e-05,0.0,0.07
257,data_0c4,0.9,0.9428467891836014,0.9123579533014676,"[200, 100, 30]",0.9453197315560276,0.9154074950526602,1e-05,1.0,0.07
258,data_0c4,0.9,0.9473327722392351,0.918508668604537,"[200, 100, 50, 30]",0.9340184605067908,0.8993685361838435,1e-05,0.0,0.07
259,data_0c4,0.9,0.9322939162014584,0.8954986839378415,"[200, 100, 50, 30]",0.9353115589941088,0.907028906306083,1e-05,1.0,0.07
260,data_1.5c4,0.9,0.694901485286577,0.635246540071911,"[200, 100, 30]",0.5216764755960595,0.4951500521170377,1e-05,0.0,0.07
261,data_1.5c4,0.9,0.7336433037105561,0.6728812647510392,"[200, 100, 30]",0.622502874736402,0.5544438310086073,1e-05,1.0,0.07
262,data_1.5c4,0.9,0.6850330058241201,0.6267584468718514,"[200, 100, 50, 30]",0.4848367509416743,0.4937014494407578,1e-05,0.0,0.07
263,data_1.5c4,0.9,0.7134688971284877,0.6483316949953588,"[200, 100, 50, 30]",0.4369446453395455,0.4776251553948992,1e-05,1.0,0.07
264,data_1.5c8,0.9,0.34865414159282904,0.3755397741458888,"[200, 100, 30]",0.3038734653646469,0.3197698546611764,1e-05,0.0,0.07
265,data_1.5c8,0.9,0.2958381744017199,0.3364687864599048,"[200, 100, 30]",0.3116409735198686,0.33585217464142536,1e-05,1.0,0.07
266,data_1.5c8,0.9,0.2766754852860965,0.30946799781296425,"[200, 100, 50, 30]",0.2825513006036585,0.3016147442169757,1e-05,0.0,0.07
267,data_1.5c8,0.9,0.2865484941332596,0.3261367936186725,"[200, 100, 50, 30]",0.25394360243330216,0.28901927063493904,1e-05,1.0,0.07
268,data_-1c16,0.9,0.8202989500557315,0.8383073051721065,"[200, 100, 30]",0.7570311269248077,0.8124054515999053,1e-05,0.0,0.07
269,data_-1c16,0.9,0.8357022604226159,0.8492646723949264,"[200, 100, 30]",0.7661736384245575,0.8189013533747014,1e-05,1.0,0.07
270,data_-1c16,0.9,0.7813818906276352,0.8208638428621349,"[200, 100, 50, 30]",0.7230605682275958,0.8012481052855909,1e-05,0.0,0.07
271,data_-1c16,0.9,0.7806742243584562,0.808761792325501,"[200, 100, 50, 30]",0.6982359313883101,0.7785619807624498,1e-05,1.0,0.07
272,data_1c16,0.9,0.1480795054092201,0.22066092254521127,"[200, 100, 30]",0.14084374597980828,0.20104076956836825,1e-05,0.0,0.07
273,data_1c16,0.9,0.16850727300921448,0.26332874040294496,"[200, 100, 30]",0.16558718404988607,0.2291632881763831,1e-05,1.0,0.07
274,data_1c16,0.9,0.17976189724365196,0.2538414606344753,"[200, 100, 50, 30]",0.15921722838255464,0.22397821873935214,1e-05,0.0,0.07
275,data_1c16,0.9,0.13230632866202027,0.21784903406050748,"[200, 100, 50, 30]",0.13547078361331102,0.19877228878414016,1e-05,1.0,0.07
276,data_1c8,0.9,0.5920921109012249,0.5931906018134249,"[200, 100, 30]",0.5618230456564809,0.5661065014918336,1e-05,0.0,0.07
277,data_1c8,0.9,0.5741845969253927,0.5752436411070831,"[200, 100, 30]",0.5345446969386769,0.5387311005005919,1e-05,1.0,0.07
278,data_1c8,0.9,0.5956553306940121,0.5946043965284208,"[200, 100, 50, 30]",0.552667707327169,0.5544073382278945,1e-05,0.0,0.07
279,data_1c8,0.9,0.5106608413511369,0.5309469894008728,"[200, 100, 50, 30]",0.5381662935953236,0.5404225284836576,1e-05,1.0,0.07
280,data_-1c8,0.9,0.9548854365699772,0.9412478835962949,"[200, 100, 30]",0.9525569271027085,0.9385592330537792,1e-05,0.0,0.07
281,data_-1c8,0.9,0.9569598759430632,0.9450069302675632,"[200, 100, 30]",0.9547569062273359,0.9425480558472296,1e-05,1.0,0.07
282,data_-1c8,0.9,0.9545838570457544,0.9407241964981151,"[200, 100, 50, 30]",0.9558860407288868,0.9434541675825046,1e-05,0.0,0.07
283,data_-1c8,0.9,0.9568843732656629,0.9453399934231222,"[200, 100, 50, 30]",0.953341725980195,0.9425041401669288,1e-05,1.0,0.07
284,data_-1c4,0.9,0.9867466411399526,0.9774327632668972,"[200, 100, 30]",0.984290317920506,0.972771382093854,1e-05,0.0,0.07
285,data_-1c4,0.9,0.9868388565790795,0.9764605004652518,"[200, 100, 30]",0.9868388565790795,0.9764605004652518,1e-05,1.0,0.07
286,data_-1c4,0.9,0.9845349094744024,0.9718478602212528,"[200, 100, 50, 30]",0.9867941410919724,0.9764454613600728,1e-05,0.0,0.07
287,data_-1c4,0.9,0.9841083256060764,0.9717231775355992,"[200, 100, 50, 30]",0.8888270900041406,0.9098002198695936,1e-05,1.0,0.07
